{
    "河南省": "410000",
    "洛阳市": "410300",
    "新安县": "410323",
    "宜阳县": "410327",
    "栾川县": "410324",
    "伊川县": "410329",
    "嵩县": "410325",
    "老城区": "410302",
    "西工区": "410303",
    "瀍河回族区": "410304",
    "汝阳县": "410326",
    "涧西区": "410305",
    "洛龙区": "410311",
    "偃师区": "410307",
    "洛宁县": "410328",
    "孟津区": "410308",
    "漯河市": "411100",
    "临颍县": "411122",
    "源汇区": "411102",
    "郾城区": "411103",
    "舞阳县": "411121",
    "召陵区": "411104",
    "南阳市": "411300",
    "西峡县": "411323",
    "唐河县": "411328",
    "南召县": "411321",
    "卧龙区": "411303",
    "淅川县": "411326",
    "新野县": "411329",
    "邓州市": "411381",
    "桐柏县": "411330",
    "宛城区": "411302",
    "社旗县": "411327",
    "镇平县": "411324",
    "内乡县": "411325",
    "方城县": "411322",
    "信阳市": "411500",
    "浉河区": "411502",
    "固始县": "411525",
    "淮滨县": "411527",
    "商城县": "411524",
    "新县": "411523",
    "罗山县": "411521",
    "息县": "411528",
    "光山县": "411522",
    "潢川县": "411526",
    "平桥区": "411503",
    "濮阳市": "410900",
    "台前县": "410927",
    "清丰县": "410922",
    "范县": "410926",
    "南乐县": "410923",
    "濮阳县": "410928",
    "华龙区": "410902",
    "郑州市": "410100",
    "登封市": "410185",
    "中牟县": "410122",
    "惠济区": "410108",
    "上街区": "410106",
    "中原区": "410102",
    "新密市": "410183",
    "荥阳市": "410182",
    "二七区": "410103",
    "金水区": "410105",
    "巩义市": "410181",
    "新郑市": "410184",
    "管城回族区": "410104",
    "周口市": "411600",
    "商水县": "411623",
    "西华县": "411622",
    "沈丘县": "411624",
    "扶沟县": "411621",
    "太康县": "411627",
    "鹿邑县": "411628",
    "项城市": "411681",
    "郸城县": "411625",
    "淮阳区": "411603",
    "川汇区": "411602",
    "驻马店市": "411700",
    "上蔡县": "411722",
    "确山县": "411725",
    "正阳县": "411724",
    "新蔡县": "411729",
    "西平县": "411721",
    "泌阳县": "411726",
    "遂平县": "411728",
    "驿城区": "411702",
    "汝南县": "411727",
    "平舆县": "411723",
    "平顶山市": "410400",
    "鲁山县": "410423",
    "湛河区": "410411",
    "舞钢市": "410481",
    "石龙区": "410404",
    "郏县": "410425",
    "宝丰县": "410421",
    "叶县": "410422",
    "卫东区": "410403",
    "新华区": "130105",
    "汝州市": "410482",
    "三门峡市": "411200",
    "卢氏县": "411224",
    "灵宝市": "411282",
    "渑池县": "411221",
    "湖滨区": "411202",
    "义马市": "411281",
    "陕州区": "411203",
    "济源市": "419001",
    "新乡市": "410700",
    "获嘉县": "410724",
    "辉县市": "410782",
    "卫滨区": "410703",
    "凤泉区": "410704",
    "新乡县": "410721",
    "牧野区": "410711",
    "红旗区": "410702",
    "原阳县": "410725",
    "封丘县": "410727",
    "延津县": "410726",
    "长垣市": "410783",
    "卫辉市": "410781",
    "焦作市": "410800",
    "孟州市": "410883",
    "沁阳市": "410882",
    "中站区": "410803",
    "解放区": "410802",
    "博爱县": "410822",
    "温县": "410825",
    "马村区": "410804",
    "山阳区": "410811",
    "修武县": "410821",
    "武陟县": "410823",
    "安阳市": "410500",
    "北关区": "410503",
    "殷都区": "410505",
    "汤阴县": "410523",
    "安阳县": "410522",
    "文峰区": "410502",
    "内黄县": "410527",
    "滑县": "410526",
    "龙安区": "410506",
    "林州市": "410581",
    "鹤壁市": "410600",
    "山城区": "410603",
    "鹤山区": "410602",
    "淇县": "410622",
    "淇滨区": "410611",
    "浚县": "410621",
    "许昌市": "411000",
    "魏都区": "411002",
    "建安区": "411003",
    "襄城县": "411025",
    "长葛市": "411082",
    "鄢陵县": "411024",
    "禹州市": "411081",
    "商丘市": "411400",
    "睢县": "411422",
    "虞城县": "411425",
    "柘城县": "411424",
    "夏邑县": "411426",
    "永城市": "411481",
    "睢阳区": "411403",
    "梁园区": "411402",
    "宁陵县": "411423",
    "民权县": "411421",
    "开封市": "410200",
    "杞县": "410221",
    "禹王台区": "410205",
    "尉氏县": "410223",
    "龙亭区": "410202",
    "鼓楼区": "320302",
    "顺河回族区": "410203",
    "通许县": "410222",
    "祥符区": "410212",
    "兰考县": "410225",
    "广东省": "440000",
    "汕头市": "440500",
    "南澳县": "440523",
    "濠江区": "440512",
    "澄海区": "440515",
    "金平区": "440511",
    "龙湖区": "440507",
    "潮南区": "440514",
    "潮阳区": "440513",
    "佛山市": "440600",
    "高明区": "440608",
    "三水区": "440607",
    "南海区": "440605",
    "禅城区": "440604",
    "顺德区": "440606",
    "肇庆市": "441200",
    "德庆县": "441226",
    "端州区": "441202",
    "封开县": "441225",
    "高要区": "441204",
    "怀集县": "441224",
    "鼎湖区": "441203",
    "四会市": "441284",
    "广宁县": "441223",
    "惠州市": "441300",
    "惠东县": "441323",
    "惠阳区": "441303",
    "惠城区": "441302",
    "龙门县": "441324",
    "博罗县": "441322",
    "深圳市": "440300",
    "宝安区": "440306",
    "南山区": "230404",
    "龙岗区": "440307",
    "光明区": "440311",
    "福田区": "440304",
    "龙华区": "460106",
    "罗湖区": "440303",
    "坪山区": "440310",
    "盐田区": "440308",
    "珠海市": "440400",
    "香洲区": "440402",
    "斗门区": "440403",
    "金湾区": "440404",
    "澳门大学横琴校区(由澳门实施管辖)": "440499",
    "江门市": "440700",
    "台山市": "440781",
    "江海区": "440704",
    "恩平市": "440785",
    "鹤山市": "440784",
    "新会区": "440705",
    "蓬江区": "440703",
    "开平市": "440783",
    "阳江市": "441700",
    "江城区": "441702",
    "阳西县": "441721",
    "阳东区": "441704",
    "阳春市": "441781",
    "茂名市": "440900",
    "化州市": "440982",
    "电白区": "440904",
    "高州市": "440981",
    "信宜市": "440983",
    "茂南区": "440902",
    "湛江市": "440800",
    "吴川市": "440883",
    "麻章区": "440811",
    "徐闻县": "440825",
    "坡头区": "440804",
    "霞山区": "440803",
    "雷州市": "440882",
    "赤坎区": "440802",
    "遂溪县": "440823",
    "廉江市": "440881",
    "汕尾市": "441500",
    "陆丰市": "441581",
    "城区": "140502",
    "海丰县": "441521",
    "陆河县": "441523",
    "潮州市": "445100",
    "饶平县": "445122",
    "湘桥区": "445102",
    "潮安区": "445103",
    "揭阳市": "445200",
    "惠来县": "445224",
    "揭西县": "445222",
    "普宁市": "445281",
    "榕城区": "445202",
    "揭东区": "445203",
    "广州市": "440100",
    "海珠区": "440105",
    "从化区": "440117",
    "花都区": "440114",
    "南沙区": "460302",
    "天河区": "440106",
    "荔湾区": "440103",
    "越秀区": "440104",
    "番禺区": "440113",
    "白云区": "520113",
    "黄埔区": "440112",
    "增城区": "440118",
    "梅州市": "441400",
    "平远县": "441426",
    "蕉岭县": "441427",
    "兴宁市": "441481",
    "五华县": "441424",
    "丰顺县": "441423",
    "大埔县": "441422",
    "梅县区": "441403",
    "梅江区": "441402",
    "中山市": "442000",
    "清远市": "441800",
    "连州市": "441882",
    "连南瑶族自治县": "441826",
    "英德市": "441881",
    "阳山县": "441823",
    "佛冈县": "441821",
    "连山壮族瑶族自治县": "441825",
    "清新区": "441803",
    "清城区": "441802",
    "东莞市": "441900",
    "韶关市": "440200",
    "仁化县": "440224",
    "始兴县": "440222",
    "南雄市": "440282",
    "乐昌市": "440281",
    "翁源县": "440229",
    "新丰县": "440233",
    "乳源瑶族自治县": "440232",
    "武江区": "440203",
    "曲江区": "440205",
    "浈江区": "440204",
    "河源市": "441600",
    "和平县": "441624",
    "龙川县": "441622",
    "源城区": "441602",
    "紫金县": "441621",
    "东源县": "441625",
    "连平县": "441623",
    "云浮市": "445300",
    "郁南县": "445322",
    "罗定市": "445381",
    "云安区": "445303",
    "云城区": "445302",
    "新兴县": "445321",
    "内蒙古自治区": "150000",
    "乌海市": "150300",
    "海勃湾区": "150302",
    "乌达区": "150304",
    "海南区": "150303",
    "巴彦淖尔市": "150800",
    "乌拉特中旗": "150824",
    "磴口县": "150822",
    "乌拉特后旗": "150825",
    "临河区": "150802",
    "杭锦后旗": "150826",
    "乌拉特前旗": "150823",
    "五原县": "150821",
    "包头市": "150200",
    "土默特右旗": "150221",
    "达尔罕茂明安联合旗": "150223",
    "白云鄂博矿区": "150206",
    "固阳县": "150222",
    "东河区": "150202",
    "石拐区": "150205",
    "青山区": "420107",
    "九原区": "150207",
    "昆都仑区": "150203",
    "呼伦贝尔市": "150700",
    "根河市": "150785",
    "牙克石市": "150782",
    "海拉尔区": "150702",
    "鄂温克族自治旗": "150724",
    "阿荣旗": "150721",
    "扎兰屯市": "150783",
    "扎赉诺尔区": "150703",
    "满洲里市": "150781",
    "新巴尔虎右旗": "150727",
    "鄂伦春自治旗": "150723",
    "额尔古纳市": "150784",
    "新巴尔虎左旗": "150726",
    "莫力达瓦达斡尔族自治旗": "150722",
    "陈巴尔虎旗": "150725",
    "兴安盟": "152200",
    "阿尔山市": "152202",
    "突泉县": "152224",
    "科尔沁右翼中旗": "152222",
    "扎赉特旗": "152223",
    "科尔沁右翼前旗": "152221",
    "乌兰浩特市": "152201",
    "通辽市": "150500",
    "霍林郭勒市": "150581",
    "开鲁县": "150523",
    "奈曼旗": "150525",
    "库伦旗": "150524",
    "扎鲁特旗": "150526",
    "科尔沁左翼中旗": "150521",
    "科尔沁左翼后旗": "150522",
    "科尔沁区": "150502",
    "赤峰市": "150400",
    "林西县": "150424",
    "巴林左旗": "150422",
    "巴林右旗": "150423",
    "敖汉旗": "150430",
    "红山区": "150402",
    "翁牛特旗": "150426",
    "克什克腾旗": "150425",
    "宁城县": "150429",
    "阿鲁科尔沁旗": "150421",
    "元宝山区": "150403",
    "松山区": "150404",
    "喀喇沁旗": "150428",
    "锡林郭勒盟": "152500",
    "东乌珠穆沁旗": "152525",
    "阿巴嘎旗": "152522",
    "西乌珠穆沁旗": "152526",
    "苏尼特左旗": "152523",
    "锡林浩特市": "152502",
    "苏尼特右旗": "152524",
    "二连浩特市": "152501",
    "正蓝旗": "152530",
    "正镶白旗": "152529",
    "镶黄旗": "152528",
    "多伦县": "152531",
    "太仆寺旗": "152527",
    "乌兰察布市": "150900",
    "四子王旗": "150929",
    "商都县": "150923",
    "化德县": "150922",
    "察哈尔右翼后旗": "150928",
    "察哈尔右翼中旗": "150927",
    "卓资县": "150921",
    "集宁区": "150902",
    "察哈尔右翼前旗": "150926",
    "兴和县": "150924",
    "凉城县": "150925",
    "丰镇市": "150981",
    "阿拉善盟": "152900",
    "额济纳旗": "152923",
    "阿拉善右旗": "152922",
    "阿拉善左旗": "152921",
    "鄂尔多斯市": "150600",
    "达拉特旗": "150621",
    "杭锦旗": "150625",
    "鄂托克旗": "150624",
    "鄂托克前旗": "150623",
    "东胜区": "150602",
    "伊金霍洛旗": "150627",
    "康巴什区": "150603",
    "准格尔旗": "150622",
    "乌审旗": "150626",
    "呼和浩特市": "150100",
    "回民区": "150103",
    "武川县": "150125",
    "托克托县": "150122",
    "土默特左旗": "150121",
    "新城区": "610102",
    "和林格尔县": "150123",
    "赛罕区": "150105",
    "玉泉区": "150104",
    "清水河县": "150124",
    "黑龙江省": "230000",
    "大兴安岭地区": "232700",
    "呼玛县": "232721",
    "加格达奇区": "232718",
    "漠河市": "232701",
    "塔河县": "232722",
    "七台河市": "230900",
    "勃利县": "230921",
    "桃山区": "230903",
    "新兴区": "230902",
    "茄子河区": "230904",
    "鹤岗市": "230400",
    "绥滨县": "230422",
    "工农区": "230403",
    "兴山区": "230407",
    "兴安区": "230405",
    "向阳区": "230803",
    "萝北县": "230421",
    "东山区": "230406",
    "哈尔滨市": "230100",
    "巴彦县": "230126",
    "依兰县": "230123",
    "通河县": "230128",
    "木兰县": "230127",
    "方正县": "230124",
    "宾县": "230125",
    "延寿县": "230129",
    "尚志市": "230183",
    "五常市": "230184",
    "呼兰区": "230111",
    "松北区": "230109",
    "双城区": "230113",
    "道里区": "230102",
    "平房区": "230108",
    "道外区": "230104",
    "阿城区": "230112",
    "香坊区": "230110",
    "南岗区": "230103",
    "佳木斯市": "230800",
    "汤原县": "230828",
    "桦南县": "230822",
    "富锦市": "230882",
    "同江市": "230881",
    "抚远市": "230883",
    "桦川县": "230826",
    "前进区": "230804",
    "东风区": "230805",
    "郊区": "140311",
    "双鸭山市": "230500",
    "尖山区": "230502",
    "友谊县": "230522",
    "岭东区": "230503",
    "宝山区": "310113",
    "宝清县": "230523",
    "集贤县": "230521",
    "四方台区": "230505",
    "饶河县": "230524",
    "黑河市": "231100",
    "北安市": "231181",
    "逊克县": "231123",
    "五大连池市": "231182",
    "嫩江市": "231183",
    "孙吴县": "231124",
    "爱辉区": "231102",
    "牡丹江市": "231000",
    "爱民区": "231004",
    "东安区": "231002",
    "绥芬河市": "231081",
    "东宁市": "231086",
    "宁安市": "231084",
    "西安区": "220403",
    "海林市": "231083",
    "穆棱市": "231085",
    "阳明区": "231003",
    "林口县": "231025",
    "伊春市": "230700",
    "嘉荫县": "230722",
    "伊美区": "230717",
    "丰林县": "230724",
    "乌翠区": "230718",
    "友好区": "230719",
    "汤旺县": "230723",
    "金林区": "230751",
    "南岔县": "230726",
    "大箐山县": "230725",
    "铁力市": "230781",
    "鸡西市": "230300",
    "滴道区": "230304",
    "城子河区": "230306",
    "麻山区": "230307",
    "鸡冠区": "230302",
    "恒山区": "230303",
    "梨树区": "230305",
    "鸡东县": "230321",
    "虎林市": "230381",
    "密山市": "230382",
    "齐齐哈尔市": "230200",
    "克山县": "230229",
    "甘南县": "230225",
    "克东县": "230230",
    "依安县": "230223",
    "富裕县": "230227",
    "梅里斯达斡尔族区": "230208",
    "龙江县": "230221",
    "碾子山区": "230207",
    "富拉尔基区": "230206",
    "昂昂溪区": "230205",
    "龙沙区": "230202",
    "泰来县": "230224",
    "拜泉县": "230231",
    "建华区": "230203",
    "铁锋区": "230204",
    "讷河市": "230281",
    "绥化市": "231200",
    "绥棱县": "231226",
    "海伦市": "231283",
    "庆安县": "231224",
    "望奎县": "231221",
    "北林区": "231202",
    "青冈县": "231223",
    "明水县": "231225",
    "兰西县": "231222",
    "肇东市": "231282",
    "安达市": "231281",
    "大庆市": "230600",
    "红岗区": "230605",
    "大同区": "230606",
    "林甸县": "230623",
    "让胡路区": "230604",
    "杜尔伯特蒙古族自治县": "230624",
    "萨尔图区": "230602",
    "龙凤区": "230603",
    "肇州县": "230621",
    "肇源县": "230622",
    "新疆维吾尔自治区": "650000",
    "北屯市": "659005",
    "铁门关市": "659006",
    "双河市": "659007",
    "博尔塔拉蒙古自治州": "652700",
    "温泉县": "652723",
    "阿拉山口市": "652702",
    "博乐市": "652701",
    "精河县": "652722",
    "可克达拉市": "659008",
    "塔城地区": "654200",
    "和布克赛尔蒙古自治县": "654226",
    "额敏县": "654221",
    "托里县": "654224",
    "乌苏市": "654202",
    "沙湾市": "654203",
    "裕民县": "654225",
    "塔城市": "654201",
    "昆玉市": "659009",
    "和田地区": "653200",
    "民丰县": "653227",
    "于田县": "653226",
    "和田市": "653201",
    "洛浦县": "653224",
    "皮山县": "653223",
    "墨玉县": "653222",
    "策勒县": "653225",
    "和田县": "653221",
    "阿勒泰地区": "654300",
    "布尔津县": "654321",
    "哈巴河县": "654324",
    "吉木乃县": "654326",
    "富蕴县": "654322",
    "青河县": "654325",
    "福海县": "654323",
    "阿勒泰市": "654301",
    "石河子市": "659001",
    "昌吉回族自治州": "652300",
    "奇台县": "652325",
    "玛纳斯县": "652324",
    "呼图壁县": "652323",
    "阜康市": "652302",
    "木垒哈萨克自治县": "652328",
    "吉木萨尔县": "652327",
    "昌吉市": "652301",
    "巴音郭楞蒙古自治州": "652800",
    "库尔勒市": "652801",
    "轮台县": "652822",
    "尉犁县": "652823",
    "且末县": "652825",
    "和静县": "652827",
    "焉耆回族自治县": "652826",
    "若羌县": "652824",
    "博湖县": "652829",
    "和硕县": "652828",
    "伊犁哈萨克自治州": "654000",
    "伊宁县": "654021",
    "巩留县": "654024",
    "特克斯县": "654027",
    "昭苏县": "654026",
    "察布查尔锡伯自治县": "654022",
    "霍城县": "654023",
    "霍尔果斯市": "654004",
    "伊宁市": "654002",
    "奎屯市": "654003",
    "尼勒克县": "654028",
    "新源县": "654025",
    "阿拉尔市": "659002",
    "喀什地区": "653100",
    "伽师县": "653129",
    "麦盖提县": "653127",
    "莎车县": "653125",
    "叶城县": "653126",
    "塔什库尔干塔吉克自治县": "653131",
    "泽普县": "653124",
    "巴楚县": "653130",
    "英吉沙县": "653123",
    "岳普湖县": "653128",
    "疏附县": "653121",
    "喀什市": "653101",
    "疏勒县": "653122",
    "克孜勒苏柯尔克孜自治州": "653000",
    "阿图什市": "653001",
    "乌恰县": "653024",
    "阿合奇县": "653023",
    "阿克陶县": "653022",
    "克拉玛依市": "650200",
    "乌尔禾区": "650205",
    "独山子区": "650202",
    "白碱滩区": "650204",
    "克拉玛依区": "650203",
    "吐鲁番市": "650400",
    "高昌区": "650402",
    "鄯善县": "650421",
    "托克逊县": "650422",
    "哈密市": "650500",
    "伊吾县": "650522",
    "巴里坤哈萨克自治县": "650521",
    "伊州区": "650502",
    "新星市": "659011",
    "图木舒克市": "659003",
    "阿克苏地区": "652900",
    "拜城县": "652926",
    "沙雅县": "652924",
    "库车市": "652902",
    "新和县": "652925",
    "阿克苏市": "652901",
    "阿瓦提县": "652928",
    "温宿县": "652922",
    "柯坪县": "652929",
    "乌什县": "652927",
    "乌鲁木齐市": "650100",
    "达坂城区": "650107",
    "头屯河区": "650106",
    "新市区": "650104",
    "米东区": "650109",
    "水磨沟区": "650105",
    "天山区": "650102",
    "沙依巴克区": "650103",
    "乌鲁木齐县": "650121",
    "胡杨河市": "659010",
    "五家渠市": "659004",
    "白杨市": "659012",
    "湖北省": "420000",
    "襄阳市": "420600",
    "谷城县": "420625",
    "枣阳市": "420683",
    "保康县": "420626",
    "宜城市": "420684",
    "南漳县": "420624",
    "襄城区": "420602",
    "老河口市": "420682",
    "樊城区": "420606",
    "襄州区": "420607",
    "十堰市": "420300",
    "郧阳区": "420304",
    "张湾区": "420303",
    "茅箭区": "420302",
    "竹溪县": "420324",
    "竹山县": "420323",
    "房县": "420325",
    "丹江口市": "420381",
    "郧西县": "420322",
    "宜昌市": "420500",
    "兴山县": "420526",
    "秭归县": "420527",
    "当阳市": "420582",
    "点军区": "420504",
    "宜都市": "420581",
    "远安县": "420525",
    "五峰土家族自治县": "420529",
    "西陵区": "420502",
    "夷陵区": "420506",
    "枝江市": "420583",
    "伍家岗区": "420503",
    "猇亭区": "420505",
    "长阳土家族自治县": "420528",
    "武汉市": "420100",
    "新洲区": "420117",
    "汉南区": "420113",
    "蔡甸区": "420114",
    "江夏区": "420115",
    "武昌区": "420106",
    "东西湖区": "420112",
    "汉阳区": "420105",
    "硚口区": "420104",
    "黄陂区": "420116",
    "江汉区": "420103",
    "江岸区": "420102",
    "洪山区": "420111",
    "黄冈市": "421100",
    "麻城市": "421181",
    "黄州区": "421102",
    "团风县": "421121",
    "黄梅县": "421127",
    "红安县": "421122",
    "英山县": "421124",
    "武穴市": "421182",
    "罗田县": "421123",
    "浠水县": "421125",
    "蕲春县": "421126",
    "天门市": "429006",
    "孝感市": "420900",
    "云梦县": "420923",
    "应城市": "420981",
    "孝南区": "420902",
    "汉川市": "420984",
    "大悟县": "420922",
    "孝昌县": "420921",
    "安陆市": "420982",
    "荆门市": "420800",
    "京山市": "420882",
    "沙洋县": "420822",
    "钟祥市": "420881",
    "掇刀区": "420804",
    "东宝区": "420802",
    "潜江市": "429005",
    "仙桃市": "429004",
    "恩施土家族苗族自治州": "422800",
    "建始县": "422822",
    "利川市": "422802",
    "来凤县": "422827",
    "鹤峰县": "422828",
    "巴东县": "422823",
    "宣恩县": "422825",
    "恩施市": "422801",
    "咸丰县": "422826",
    "荆州市": "421000",
    "江陵县": "421024",
    "洪湖市": "421083",
    "监利市": "421088",
    "松滋市": "421087",
    "公安县": "421022",
    "石首市": "421081",
    "荆州区": "421003",
    "沙市区": "421002",
    "咸宁市": "421200",
    "嘉鱼县": "421221",
    "咸安区": "421202",
    "赤壁市": "421281",
    "通山县": "421224",
    "崇阳县": "421223",
    "通城县": "421222",
    "神农架林区": "429021",
    "随州市": "421300",
    "随县": "421321",
    "曾都区": "421303",
    "广水市": "421381",
    "鄂州市": "420700",
    "梁子湖区": "420702",
    "华容区": "420703",
    "鄂城区": "420704",
    "黄石市": "420200",
    "铁山区": "420205",
    "西塞山区": "420203",
    "阳新县": "420222",
    "黄石港区": "420202",
    "大冶市": "420281",
    "下陆区": "420204",
    "辽宁省": "210000",
    "葫芦岛市": "211400",
    "建昌县": "211422",
    "龙港区": "211403",
    "兴城市": "211481",
    "绥中县": "211421",
    "连山区": "211402",
    "南票区": "211404",
    "大连市": "210200",
    "瓦房店市": "210281",
    "庄河市": "210283",
    "普兰店区": "210214",
    "金州区": "210213",
    "长海县": "210224",
    "甘井子区": "210211",
    "旅顺口区": "210212",
    "中山区": "210202",
    "西岗区": "210203",
    "沙河口区": "210204",
    "丹东市": "210600",
    "凤城市": "210682",
    "振安区": "210604",
    "东港市": "210681",
    "振兴区": "210603",
    "宽甸满族自治县": "210624",
    "元宝区": "210602",
    "锦州市": "210700",
    "太和区": "210711",
    "凌海市": "210781",
    "凌河区": "210703",
    "古塔区": "210702",
    "北镇市": "210782",
    "黑山县": "210726",
    "义县": "210727",
    "沈阳市": "210100",
    "于洪区": "210114",
    "康平县": "210123",
    "和平区": "120101",
    "新民市": "210181",
    "法库县": "210124",
    "苏家屯区": "210111",
    "大东区": "210104",
    "沈河区": "210103",
    "皇姑区": "210105",
    "浑南区": "210112",
    "沈北新区": "210113",
    "铁西区": "220302",
    "辽中区": "210115",
    "铁岭市": "211200",
    "清河区": "211204",
    "调兵山市": "211281",
    "开原市": "211282",
    "铁岭县": "211221",
    "银州区": "211202",
    "西丰县": "211223",
    "昌图县": "211224",
    "阜新市": "210900",
    "太平区": "210904",
    "清河门区": "210905",
    "新邱区": "210903",
    "阜新蒙古族自治县": "210921",
    "彰武县": "210922",
    "海州区": "320706",
    "细河区": "210911",
    "本溪市": "210500",
    "桓仁满族自治县": "210522",
    "南芬区": "210505",
    "明山区": "210504",
    "本溪满族自治县": "210521",
    "溪湖区": "210503",
    "平山区": "210502",
    "辽阳市": "211000",
    "弓长岭区": "211005",
    "太子河区": "211011",
    "灯塔市": "211081",
    "辽阳县": "211021",
    "宏伟区": "211004",
    "白塔区": "211002",
    "文圣区": "211003",
    "抚顺市": "210400",
    "新宾满族自治县": "210422",
    "新抚区": "210402",
    "顺城区": "210411",
    "望花区": "210404",
    "抚顺县": "210421",
    "东洲区": "210403",
    "清原满族自治县": "210423",
    "盘锦市": "211100",
    "盘山县": "211122",
    "兴隆台区": "211103",
    "双台子区": "211102",
    "大洼区": "211104",
    "朝阳市": "211300",
    "喀喇沁左翼蒙古族自治县": "211324",
    "凌源市": "211382",
    "北票市": "211381",
    "龙城区": "211303",
    "双塔区": "211302",
    "朝阳县": "211321",
    "建平县": "211322",
    "鞍山市": "210300",
    "铁东区": "220303",
    "千山区": "210311",
    "岫岩满族自治县": "210323",
    "立山区": "210304",
    "台安县": "210321",
    "海城市": "210381",
    "营口市": "210800",
    "西市区": "210803",
    "鲅鱼圈区": "210804",
    "盖州市": "210881",
    "站前区": "210802",
    "老边区": "210811",
    "大石桥市": "210882",
    "山东省": "370000",
    "东营市": "370500",
    "利津县": "370522",
    "东营区": "370502",
    "河口区": "370503",
    "垦利区": "370505",
    "广饶县": "370523",
    "滨州市": "371600",
    "沾化区": "371603",
    "无棣县": "371623",
    "邹平市": "371681",
    "阳信县": "371622",
    "博兴县": "371625",
    "滨城区": "371602",
    "惠民县": "371621",
    "烟台市": "370600",
    "蓬莱区": "370614",
    "芝罘区": "370602",
    "莱州市": "370683",
    "海阳市": "370687",
    "龙口市": "370681",
    "莱阳市": "370682",
    "栖霞市": "370686",
    "招远市": "370685",
    "莱山区": "370613",
    "牟平区": "370612",
    "福山区": "370611",
    "威海市": "371000",
    "乳山市": "371083",
    "荣成市": "371082",
    "环翠区": "371002",
    "文登区": "371003",
    "青岛市": "370200",
    "莱西市": "370285",
    "平度市": "370283",
    "城阳区": "370214",
    "崂山区": "370212",
    "即墨区": "370215",
    "黄岛区": "370211",
    "胶州市": "370281",
    "市南区": "370202",
    "市北区": "370203",
    "李沧区": "370213",
    "聊城市": "371500",
    "冠县": "371525",
    "东昌府区": "371502",
    "莘县": "371522",
    "东阿县": "371524",
    "阳谷县": "371521",
    "高唐县": "371526",
    "茌平区": "371503",
    "临清市": "371581",
    "淄博市": "370300",
    "临淄区": "370305",
    "博山区": "370304",
    "沂源县": "370323",
    "高青县": "370322",
    "张店区": "370303",
    "桓台县": "370321",
    "淄川区": "370302",
    "周村区": "370306",
    "日照市": "371100",
    "莒县": "371122",
    "岚山区": "371103",
    "东港区": "371102",
    "五莲县": "371121",
    "济南市": "370100",
    "钢城区": "370117",
    "长清区": "370113",
    "商河县": "370126",
    "莱芜区": "370116",
    "章丘区": "370114",
    "平阴县": "370124",
    "历城区": "370112",
    "济阳区": "370115",
    "天桥区": "370105",
    "历下区": "370102",
    "市中区": "511102",
    "槐荫区": "370104",
    "潍坊市": "370700",
    "寿光市": "370783",
    "昌邑市": "370786",
    "高密市": "370785",
    "寒亭区": "370703",
    "诸城市": "370782",
    "奎文区": "370705",
    "潍城区": "370702",
    "青州市": "370781",
    "临朐县": "370724",
    "昌乐县": "370725",
    "安丘市": "370784",
    "坊子区": "370704",
    "枣庄市": "370400",
    "薛城区": "370403",
    "台儿庄区": "370405",
    "山亭区": "370406",
    "峄城区": "370404",
    "滕州市": "370481",
    "泰安市": "370900",
    "肥城市": "370983",
    "泰山区": "370902",
    "宁阳县": "370921",
    "东平县": "370923",
    "岱岳区": "370911",
    "新泰市": "370982",
    "济宁市": "370800",
    "微山县": "370826",
    "鱼台县": "370827",
    "泗水县": "370831",
    "曲阜市": "370881",
    "汶上县": "370830",
    "金乡县": "370828",
    "邹城市": "370883",
    "任城区": "370811",
    "兖州区": "370812",
    "嘉祥县": "370829",
    "梁山县": "370832",
    "临沂市": "371300",
    "河东区": "120102",
    "兰山区": "371302",
    "费县": "371325",
    "莒南县": "371327",
    "郯城县": "371322",
    "平邑县": "371326",
    "蒙阴县": "371328",
    "沂水县": "371323",
    "沂南县": "371321",
    "临沭县": "371329",
    "兰陵县": "371324",
    "罗庄区": "371311",
    "菏泽市": "371700",
    "定陶区": "371703",
    "牡丹区": "371702",
    "鄄城县": "371726",
    "东明县": "371728",
    "巨野县": "371724",
    "成武县": "371723",
    "郓城县": "371725",
    "单县": "371722",
    "曹县": "371721",
    "德州市": "371400",
    "宁津县": "371422",
    "乐陵市": "371481",
    "庆云县": "371423",
    "德城区": "371402",
    "武城县": "371428",
    "平原县": "371426",
    "齐河县": "371425",
    "禹城市": "371482",
    "临邑县": "371424",
    "陵城区": "371403",
    "夏津县": "371427",
    "上海市": "310000",
    "上海城区": "310100",
    "崇明区": "310151",
    "浦东新区": "310115",
    "金山区": "310116",
    "杨浦区": "310110",
    "虹口区": "310109",
    "静安区": "310106",
    "长宁区": "310105",
    "奉贤区": "310120",
    "青浦区": "310118",
    "普陀区": "330903",
    "松江区": "310117",
    "徐汇区": "310104",
    "黄浦区": "310101",
    "闵行区": "310112",
    "嘉定区": "310114",
    "贵州省": "520000",
    "遵义市": "520300",
    "余庆县": "520329",
    "道真仡佬族苗族自治县": "520325",
    "习水县": "520330",
    "赤水市": "520381",
    "湄潭县": "520328",
    "汇川区": "520303",
    "务川仡佬族苗族自治县": "520326",
    "正安县": "520324",
    "仁怀市": "520382",
    "桐梓县": "520322",
    "播州区": "520304",
    "凤冈县": "520327",
    "绥阳县": "520323",
    "红花岗区": "520302",
    "铜仁市": "520600",
    "石阡县": "520623",
    "松桃苗族自治县": "520628",
    "玉屏侗族自治县": "520622",
    "碧江区": "520602",
    "德江县": "520626",
    "印江土家族苗族自治县": "520625",
    "江口县": "520621",
    "万山区": "520603",
    "沿河土家族自治县": "520627",
    "思南县": "520624",
    "六盘水市": "520200",
    "盘州市": "520281",
    "六枝特区": "520203",
    "钟山区": "520201",
    "水城区": "520204",
    "黔南布依族苗族自治州": "522700",
    "平塘县": "522727",
    "罗甸县": "522728",
    "荔波县": "522722",
    "福泉市": "522702",
    "都匀市": "522701",
    "长顺县": "522729",
    "三都水族自治县": "522732",
    "独山县": "522726",
    "瓮安县": "522725",
    "龙里县": "522730",
    "贵定县": "522723",
    "惠水县": "522731",
    "安顺市": "520400",
    "西秀区": "520402",
    "紫云苗族布依族自治县": "520425",
    "平坝区": "520403",
    "普定县": "520422",
    "镇宁布依族苗族自治县": "520423",
    "关岭布依族苗族自治县": "520424",
    "黔西南布依族苗族自治州": "522300",
    "安龙县": "522328",
    "望谟县": "522326",
    "兴义市": "522301",
    "普安县": "522323",
    "晴隆县": "522324",
    "册亨县": "522327",
    "贞丰县": "522325",
    "兴仁市": "522302",
    "黔东南苗族侗族自治州": "522600",
    "雷山县": "522634",
    "榕江县": "522632",
    "天柱县": "522627",
    "从江县": "522633",
    "台江县": "522630",
    "麻江县": "522635",
    "三穗县": "522624",
    "丹寨县": "522636",
    "凯里市": "522601",
    "镇远县": "522625",
    "黄平县": "522622",
    "施秉县": "522623",
    "锦屏县": "522628",
    "岑巩县": "522626",
    "剑河县": "522629",
    "黎平县": "522631",
    "贵阳市": "520100",
    "开阳县": "520121",
    "修文县": "520123",
    "清镇市": "520181",
    "花溪区": "520111",
    "息烽县": "520122",
    "观山湖区": "520115",
    "乌当区": "520112",
    "云岩区": "520103",
    "南明区": "520102",
    "毕节市": "520500",
    "黔西市": "520581",
    "金沙县": "520523",
    "织金县": "520524",
    "大方县": "520521",
    "纳雍县": "520525",
    "七星关区": "520502",
    "赫章县": "520527",
    "威宁彝族回族苗族自治县": "520526",
    "重庆市": "500000",
    "重庆郊县": "500200",
    "巫溪县": "500238",
    "奉节县": "500236",
    "石柱土家族自治县": "500240",
    "巫山县": "500237",
    "丰都县": "500230",
    "城口县": "500229",
    "垫江县": "500231",
    "云阳县": "500235",
    "忠县": "500233",
    "彭水苗族土家族自治县": "500243",
    "酉阳土家族苗族自治县": "500242",
    "秀山土家族苗族自治县": "500241",
    "重庆城区": "500100",
    "合川区": "500117",
    "潼南区": "500152",
    "长寿区": "500115",
    "铜梁区": "500151",
    "大足区": "500111",
    "大渡口区": "500104",
    "九龙坡区": "500107",
    "南岸区": "500108",
    "武隆区": "500156",
    "綦江区": "500110",
    "涪陵区": "500102",
    "北碚区": "500109",
    "南川区": "500119",
    "永川区": "500118",
    "荣昌区": "500153",
    "江津区": "500116",
    "巴南区": "500113",
    "璧山区": "500120",
    "沙坪坝区": "500106",
    "万州区": "500101",
    "开州区": "500154",
    "渝中区": "500103",
    "渝北区": "500112",
    "江北区": "330205",
    "梁平区": "500155",
    "黔江区": "500114",
    "安徽省": "340000",
    "铜陵市": "340700",
    "铜官区": "340705",
    "枞阳县": "340722",
    "义安区": "340706",
    "池州市": "341700",
    "贵池区": "341702",
    "石台县": "341722",
    "青阳县": "341723",
    "东至县": "341721",
    "安庆市": "340800",
    "桐城市": "340881",
    "岳西县": "340828",
    "大观区": "340803",
    "太湖县": "340825",
    "望江县": "340827",
    "宿松县": "340826",
    "宜秀区": "340811",
    "迎江区": "340802",
    "怀宁县": "340822",
    "潜山市": "340882",
    "淮北市": "340600",
    "杜集区": "340602",
    "相山区": "340603",
    "烈山区": "340604",
    "濉溪县": "340621",
    "马鞍山市": "340500",
    "博望区": "340506",
    "和县": "340523",
    "含山县": "340522",
    "当涂县": "340521",
    "花山区": "340503",
    "雨山区": "340504",
    "黄山市": "341000",
    "黄山区": "341003",
    "休宁县": "341022",
    "黟县": "341023",
    "祁门县": "341024",
    "徽州区": "341004",
    "歙县": "341021",
    "屯溪区": "341002",
    "亳州市": "341600",
    "谯城区": "341602",
    "利辛县": "341623",
    "涡阳县": "341621",
    "蒙城县": "341622",
    "六安市": "341500",
    "霍山县": "341525",
    "舒城县": "341523",
    "金寨县": "341524",
    "霍邱县": "341522",
    "金安区": "341502",
    "叶集区": "341504",
    "裕安区": "341503",
    "阜阳市": "341200",
    "颍州区": "341202",
    "临泉县": "341221",
    "界首市": "341282",
    "颍东区": "341203",
    "太和县": "341222",
    "颍泉区": "341204",
    "颍上县": "341226",
    "阜南县": "341225",
    "淮南市": "340400",
    "潘集区": "340406",
    "八公山区": "340405",
    "谢家集区": "340404",
    "田家庵区": "340403",
    "大通区": "340402",
    "寿县": "340422",
    "凤台县": "340421",
    "宿州市": "341300",
    "萧县": "341322",
    "泗县": "341324",
    "埇桥区": "341302",
    "砀山县": "341321",
    "灵璧县": "341323",
    "蚌埠市": "340300",
    "淮上区": "340311",
    "禹会区": "340304",
    "蚌山区": "340303",
    "龙子湖区": "340302",
    "怀远县": "340321",
    "固镇县": "340323",
    "五河县": "340322",
    "芜湖市": "340200",
    "繁昌区": "340212",
    "弋江区": "340209",
    "镜湖区": "340202",
    "南陵县": "340223",
    "无为市": "340281",
    "湾沚区": "340210",
    "鸠江区": "340207",
    "宣城市": "341800",
    "旌德县": "341825",
    "宁国市": "341881",
    "绩溪县": "341824",
    "泾县": "341823",
    "宣州区": "341802",
    "郎溪县": "341821",
    "广德市": "341882",
    "滁州市": "341100",
    "凤阳县": "341126",
    "明光市": "341182",
    "全椒县": "341124",
    "天长市": "341181",
    "琅琊区": "341102",
    "南谯区": "341103",
    "定远县": "341125",
    "来安县": "341122",
    "合肥市": "340100",
    "庐阳区": "340103",
    "包河区": "340111",
    "瑶海区": "340102",
    "肥西县": "340123",
    "蜀山区": "340104",
    "庐江县": "340124",
    "巢湖市": "340181",
    "肥东县": "340122",
    "长丰县": "340121",
    "福建省": "350000",
    "宁德市": "350900",
    "福鼎市": "350982",
    "蕉城区": "350902",
    "霞浦县": "350921",
    "古田县": "350922",
    "福安市": "350981",
    "寿宁县": "350924",
    "柘荣县": "350926",
    "周宁县": "350925",
    "屏南县": "350923",
    "福州市": "350100",
    "罗源县": "350123",
    "闽清县": "350124",
    "连江县": "350122",
    "福清市": "350181",
    "长乐区": "350112",
    "平潭县": "350128",
    "台江区": "350103",
    "永泰县": "350125",
    "晋安区": "350111",
    "马尾区": "350105",
    "闽侯县": "350121",
    "仓山区": "350104",
    "莆田市": "350300",
    "秀屿区": "350305",
    "荔城区": "350304",
    "仙游县": "350322",
    "城厢区": "350302",
    "涵江区": "350303",
    "泉州市": "350500",
    "晋江市": "350582",
    "惠安县": "350521",
    "洛江区": "350504",
    "南安市": "350583",
    "金门县": "350527",
    "石狮市": "350581",
    "泉港区": "350505",
    "德化县": "350526",
    "丰泽区": "350503",
    "鲤城区": "350502",
    "永春县": "350525",
    "安溪县": "350524",
    "厦门市": "350200",
    "湖里区": "350206",
    "思明区": "350203",
    "翔安区": "350213",
    "同安区": "350212",
    "集美区": "350211",
    "海沧区": "350205",
    "漳州市": "350600",
    "龙海区": "350604",
    "漳浦县": "350623",
    "东山县": "350626",
    "长泰区": "350605",
    "平和县": "350628",
    "诏安县": "350624",
    "龙文区": "350603",
    "云霄县": "350622",
    "华安县": "350629",
    "南靖县": "350627",
    "芗城区": "350602",
    "三明市": "350400",
    "尤溪县": "350426",
    "大田县": "350425",
    "三元区": "350404",
    "沙县区": "350405",
    "明溪县": "350421",
    "宁化县": "350424",
    "清流县": "350423",
    "永安市": "350481",
    "将乐县": "350428",
    "建宁县": "350430",
    "泰宁县": "350429",
    "龙岩市": "350800",
    "永定区": "430802",
    "新罗区": "350802",
    "漳平市": "350881",
    "连城县": "350825",
    "长汀县": "350821",
    "武平县": "350824",
    "上杭县": "350823",
    "南平市": "350700",
    "浦城县": "350722",
    "光泽县": "350723",
    "武夷山市": "350782",
    "建阳区": "350703",
    "松溪县": "350724",
    "政和县": "350725",
    "延平区": "350702",
    "建瓯市": "350783",
    "顺昌县": "350721",
    "邵武市": "350781",
    "湖南省": "430000",
    "岳阳市": "430600",
    "华容县": "430623",
    "云溪区": "430603",
    "临湘市": "430682",
    "君山区": "430611",
    "湘阴县": "430624",
    "平江县": "430626",
    "岳阳县": "430621",
    "岳阳楼区": "430602",
    "汨罗市": "430681",
    "怀化市": "431200",
    "通道侗族自治县": "431230",
    "辰溪县": "431223",
    "溆浦县": "431224",
    "会同县": "431225",
    "麻阳苗族自治县": "431226",
    "洪江市": "431281",
    "新晃侗族自治县": "431227",
    "靖州苗族侗族自治县": "431229",
    "芷江侗族自治县": "431228",
    "鹤城区": "431202",
    "中方县": "431221",
    "沅陵县": "431222",
    "湘西土家族苗族自治州": "433100",
    "保靖县": "433125",
    "永顺县": "433127",
    "古丈县": "433126",
    "泸溪县": "433122",
    "龙山县": "433130",
    "吉首市": "433101",
    "花垣县": "433124",
    "凤凰县": "433123",
    "益阳市": "430900",
    "沅江市": "430981",
    "南县": "430921",
    "赫山区": "430903",
    "安化县": "430923",
    "桃江县": "430922",
    "资阳区": "430902",
    "湘潭市": "430300",
    "岳塘区": "430304",
    "雨湖区": "430302",
    "韶山市": "430382",
    "湘潭县": "430321",
    "湘乡市": "430381",
    "张家界市": "430800",
    "桑植县": "430822",
    "武陵源区": "430811",
    "慈利县": "430821",
    "株洲市": "430200",
    "荷塘区": "430202",
    "攸县": "430223",
    "天元区": "430211",
    "渌口区": "430212",
    "石峰区": "430204",
    "茶陵县": "430224",
    "炎陵县": "430225",
    "芦淞区": "430203",
    "醴陵市": "430281",
    "娄底市": "431300",
    "双峰县": "431321",
    "冷水江市": "431381",
    "新化县": "431322",
    "娄星区": "431302",
    "涟源市": "431382",
    "郴州市": "431000",
    "苏仙区": "431003",
    "汝城县": "431026",
    "宜章县": "431022",
    "安仁县": "431028",
    "资兴市": "431081",
    "桂东县": "431027",
    "临武县": "431025",
    "北湖区": "431002",
    "桂阳县": "431021",
    "嘉禾县": "431024",
    "永兴县": "431023",
    "永州市": "431100",
    "零陵区": "431102",
    "新田县": "431128",
    "冷水滩区": "431103",
    "宁远县": "431126",
    "双牌县": "431123",
    "道县": "431124",
    "祁阳市": "431181",
    "蓝山县": "431127",
    "江永县": "431125",
    "东安县": "431122",
    "江华瑶族自治县": "431129",
    "邵阳市": "430500",
    "双清区": "430502",
    "大祥区": "430503",
    "绥宁县": "430527",
    "新宁县": "430528",
    "北塔区": "430511",
    "邵东市": "430582",
    "城步苗族自治县": "430529",
    "隆回县": "430524",
    "洞口县": "430525",
    "武冈市": "430581",
    "新邵县": "430522",
    "邵阳县": "430523",
    "衡阳市": "430400",
    "南岳区": "430412",
    "衡阳县": "430421",
    "衡山县": "430423",
    "石鼓区": "430407",
    "珠晖区": "430405",
    "常宁市": "430482",
    "衡东县": "430424",
    "祁东县": "430426",
    "衡南县": "430422",
    "蒸湘区": "430408",
    "雁峰区": "430406",
    "耒阳市": "430481",
    "常德市": "430700",
    "澧县": "430723",
    "津市市": "430781",
    "安乡县": "430721",
    "临澧县": "430724",
    "石门县": "430726",
    "鼎城区": "430703",
    "武陵区": "430702",
    "汉寿县": "430722",
    "桃源县": "430725",
    "长沙市": "430100",
    "岳麓区": "430104",
    "浏阳市": "430181",
    "宁乡市": "430182",
    "望城区": "430112",
    "芙蓉区": "430102",
    "开福区": "430105",
    "雨花区": "430111",
    "天心区": "430103",
    "长沙县": "430121",
    "海南省": "460000",
    "屯昌县": "469022",
    "白沙黎族自治县": "469025",
    "琼中黎族苗族自治县": "469030",
    "乐东黎族自治县": "469027",
    "东方市": "469007",
    "陵水黎族自治县": "469028",
    "三沙市": "460300",
    "西沙区": "460301",
    "文昌市": "469005",
    "三亚市": "460200",
    "崖州区": "460205",
    "海棠区": "460202",
    "天涯区": "460204",
    "吉阳区": "460203",
    "临高县": "469024",
    "五指山市": "469001",
    "保亭黎族苗族自治县": "469029",
    "昌江黎族自治县": "469026",
    "澄迈县": "469023",
    "定安县": "469021",
    "海口市": "460100",
    "美兰区": "460108",
    "琼山区": "460107",
    "秀英区": "460105",
    "琼海市": "469002",
    "儋州市": "460400",
    "万宁市": "469006",
    "江苏省": "320000",
    "连云港市": "320700",
    "赣榆区": "320707",
    "连云区": "320703",
    "东海县": "320722",
    "灌云县": "320723",
    "灌南县": "320724",
    "南通市": "320600",
    "如东县": "320623",
    "启东市": "320681",
    "海门区": "320614",
    "崇川区": "320613",
    "如皋市": "320682",
    "通州区": "110112",
    "海安市": "320685",
    "南京市": "320100",
    "江宁区": "320115",
    "雨花台区": "320114",
    "高淳区": "320118",
    "溧水区": "320117",
    "浦口区": "320111",
    "建邺区": "320105",
    "玄武区": "320102",
    "秦淮区": "320104",
    "栖霞区": "320113",
    "六合区": "320116",
    "苏州市": "320500",
    "虎丘区": "320505",
    "太仓市": "320585",
    "姑苏区": "320508",
    "常熟市": "320581",
    "昆山市": "320583",
    "吴江区": "320509",
    "吴中区": "320506",
    "张家港市": "320582",
    "相城区": "320507",
    "泰州市": "321200",
    "靖江市": "321282",
    "兴化市": "321281",
    "高港区": "321203",
    "泰兴市": "321283",
    "姜堰区": "321204",
    "海陵区": "321202",
    "宿迁市": "321300",
    "宿城区": "321302",
    "宿豫区": "321311",
    "泗阳县": "321323",
    "沭阳县": "321322",
    "泗洪县": "321324",
    "扬州市": "321000",
    "高邮市": "321084",
    "邗江区": "321003",
    "广陵区": "321002",
    "仪征市": "321081",
    "宝应县": "321023",
    "江都区": "321012",
    "镇江市": "321100",
    "丹徒区": "321112",
    "京口区": "321102",
    "丹阳市": "321181",
    "润州区": "321111",
    "扬中市": "321182",
    "句容市": "321183",
    "盐城市": "320900",
    "射阳县": "320924",
    "滨海县": "320922",
    "响水县": "320921",
    "盐都区": "320903",
    "大丰区": "320904",
    "亭湖区": "320902",
    "建湖县": "320925",
    "东台市": "320981",
    "阜宁县": "320923",
    "淮安市": "320800",
    "盱眙县": "320830",
    "金湖县": "320831",
    "淮阴区": "320804",
    "洪泽区": "320813",
    "涟水县": "320826",
    "清江浦区": "320812",
    "淮安区": "320803",
    "徐州市": "320300",
    "铜山区": "320312",
    "泉山区": "320311",
    "沛县": "320322",
    "邳州市": "320382",
    "云龙区": "320303",
    "贾汪区": "320305",
    "新沂市": "320381",
    "睢宁县": "320324",
    "丰县": "320321",
    "常州市": "320400",
    "金坛区": "320413",
    "新北区": "320411",
    "钟楼区": "320404",
    "溧阳市": "320481",
    "武进区": "320412",
    "天宁区": "320402",
    "无锡市": "320200",
    "惠山区": "320206",
    "滨湖区": "320211",
    "宜兴市": "320282",
    "梁溪区": "320213",
    "新吴区": "320214",
    "江阴市": "320281",
    "锡山区": "320205",
    "青海省": "630000",
    "海东市": "630200",
    "乐都区": "630202",
    "民和回族土族自治县": "630222",
    "循化撒拉族自治县": "630225",
    "化隆回族自治县": "630224",
    "互助土族自治县": "630223",
    "平安区": "630203",
    "海南藏族自治州": "632500",
    "贵德县": "632523",
    "贵南县": "632525",
    "同德县": "632522",
    "兴海县": "632524",
    "共和县": "632521",
    "海西蒙古族藏族自治州": "632800",
    "天峻县": "632823",
    "德令哈市": "632802",
    "格尔木市": "632801",
    "都兰县": "632822",
    "乌兰县": "632821",
    "海西蒙古族藏族自治州直辖": "632825",
    "茫崖市": "632803",
    "玉树藏族自治州": "632700",
    "治多县": "632724",
    "曲麻莱县": "632726",
    "称多县": "632723",
    "杂多县": "632722",
    "玉树市": "632701",
    "囊谦县": "632725",
    "黄南藏族自治州": "632300",
    "同仁市": "632301",
    "泽库县": "632323",
    "尖扎县": "632322",
    "河南蒙古族自治县": "632324",
    "果洛藏族自治州": "632600",
    "玛沁县": "632621",
    "甘德县": "632623",
    "达日县": "632624",
    "久治县": "632625",
    "班玛县": "632622",
    "玛多县": "632626",
    "西宁市": "630100",
    "湟源县": "630123",
    "大通回族土族自治县": "630121",
    "城西区": "630104",
    "城北区": "630105",
    "城东区": "630102",
    "湟中区": "630106",
    "城中区": "450202",
    "海北藏族自治州": "632200",
    "海晏县": "632223",
    "门源回族自治县": "632221",
    "刚察县": "632224",
    "祁连县": "632222",
    "广西壮族自治区": "450000",
    "百色市": "451000",
    "乐业县": "451028",
    "右江区": "451002",
    "隆林各族自治县": "451031",
    "西林县": "451030",
    "平果市": "451082",
    "德保县": "451024",
    "那坡县": "451026",
    "田阳区": "451003",
    "田东县": "451022",
    "靖西市": "451081",
    "凌云县": "451027",
    "田林县": "451029",
    "钦州市": "450700",
    "钦南区": "450702",
    "钦北区": "450703",
    "灵山县": "450721",
    "浦北县": "450722",
    "北海市": "450500",
    "铁山港区": "450512",
    "海城区": "450502",
    "合浦县": "450521",
    "银海区": "450503",
    "防城港市": "450600",
    "上思县": "450621",
    "港口区": "450602",
    "防城区": "450603",
    "东兴市": "450681",
    "河池市": "451200",
    "凤山县": "451223",
    "东兰县": "451224",
    "大化瑶族自治县": "451229",
    "都安瑶族自治县": "451228",
    "环江毛南族自治县": "451226",
    "金城江区": "451202",
    "巴马瑶族自治县": "451227",
    "罗城仫佬族自治县": "451225",
    "宜州区": "451203",
    "天峨县": "451222",
    "南丹县": "451221",
    "柳州市": "450200",
    "融安县": "450224",
    "融水苗族自治县": "450225",
    "柳城县": "450222",
    "柳北区": "450205",
    "柳南区": "450204",
    "鹿寨县": "450223",
    "柳江区": "450206",
    "鱼峰区": "450203",
    "三江侗族自治县": "450226",
    "来宾市": "451300",
    "象州县": "451322",
    "合山市": "451381",
    "金秀瑶族自治县": "451324",
    "兴宾区": "451302",
    "武宣县": "451323",
    "忻城县": "451321",
    "桂林市": "450300",
    "灌阳县": "450327",
    "平乐县": "450330",
    "恭城瑶族自治县": "450332",
    "全州县": "450324",
    "永福县": "450326",
    "阳朔县": "450321",
    "荔浦市": "450381",
    "临桂区": "450312",
    "象山区": "450304",
    "资源县": "450329",
    "兴安县": "450325",
    "龙胜各族自治县": "450328",
    "七星区": "450305",
    "雁山区": "450311",
    "叠彩区": "450303",
    "灵川县": "450323",
    "秀峰区": "450302",
    "南宁市": "450100",
    "马山县": "450124",
    "上林县": "450125",
    "武鸣区": "450110",
    "隆安县": "450123",
    "西乡塘区": "450107",
    "兴宁区": "450102",
    "青秀区": "450103",
    "宾阳县": "450126",
    "江南区": "450105",
    "邕宁区": "450109",
    "良庆区": "450108",
    "横州市": "450181",
    "崇左市": "451400",
    "龙州县": "451423",
    "扶绥县": "451421",
    "江州区": "451402",
    "凭祥市": "451481",
    "宁明县": "451422",
    "天等县": "451425",
    "大新县": "451424",
    "梧州市": "450400",
    "蒙山县": "450423",
    "龙圩区": "450406",
    "岑溪市": "450481",
    "长洲区": "450405",
    "苍梧县": "450421",
    "万秀区": "450403",
    "藤县": "450422",
    "贵港市": "450800",
    "港南区": "450803",
    "港北区": "450802",
    "桂平市": "450881",
    "覃塘区": "450804",
    "平南县": "450821",
    "贺州市": "451100",
    "钟山县": "451122",
    "昭平县": "451121",
    "平桂区": "451103",
    "八步区": "451102",
    "富川瑶族自治县": "451123",
    "玉林市": "450900",
    "福绵区": "450903",
    "兴业县": "450924",
    "容县": "450921",
    "玉州区": "450902",
    "陆川县": "450922",
    "北流市": "450981",
    "博白县": "450923",
    "宁夏回族自治区": "640000",
    "固原市": "640400",
    "泾源县": "640424",
    "隆德县": "640423",
    "彭阳县": "640425",
    "西吉县": "640422",
    "原州区": "640402",
    "石嘴山市": "640200",
    "惠农区": "640205",
    "大武口区": "640202",
    "平罗县": "640221",
    "中卫市": "640500",
    "海原县": "640522",
    "沙坡头区": "640502",
    "中宁县": "640521",
    "吴忠市": "640300",
    "盐池县": "640323",
    "利通区": "640302",
    "红寺堡区": "640303",
    "同心县": "640324",
    "青铜峡市": "640381",
    "银川市": "640100",
    "西夏区": "640105",
    "灵武市": "640181",
    "金凤区": "640106",
    "兴庆区": "640104",
    "贺兰县": "640122",
    "永宁县": "640121",
    "浙江省": "330000",
    "舟山市": "330900",
    "嵊泗县": "330922",
    "岱山县": "330921",
    "定海区": "330902",
    "嘉兴市": "330400",
    "平湖市": "330482",
    "南湖区": "330402",
    "秀洲区": "330411",
    "嘉善县": "330421",
    "桐乡市": "330483",
    "海宁市": "330481",
    "海盐县": "330424",
    "宁波市": "330200",
    "象山县": "330225",
    "北仑区": "330206",
    "镇海区": "330211",
    "海曙区": "330203",
    "余姚市": "330281",
    "慈溪市": "330282",
    "奉化区": "330213",
    "鄞州区": "330212",
    "宁海县": "330226",
    "台州市": "331000",
    "临海市": "331082",
    "椒江区": "331002",
    "路桥区": "331004",
    "玉环市": "331083",
    "温岭市": "331081",
    "三门县": "331022",
    "仙居县": "331024",
    "天台县": "331023",
    "黄岩区": "331003",
    "温州市": "330300",
    "洞头区": "330305",
    "苍南县": "330327",
    "平阳县": "330326",
    "瑞安市": "330381",
    "龙港市": "330383",
    "泰顺县": "330329",
    "乐清市": "330382",
    "永嘉县": "330324",
    "鹿城区": "330302",
    "龙湾区": "330303",
    "文成县": "330328",
    "瓯海区": "330304",
    "丽水市": "331100",
    "松阳县": "331124",
    "龙泉市": "331181",
    "景宁畲族自治县": "331127",
    "缙云县": "331122",
    "青田县": "331121",
    "庆元县": "331126",
    "遂昌县": "331123",
    "云和县": "331125",
    "莲都区": "331102",
    "衢州市": "330800",
    "常山县": "330822",
    "衢江区": "330803",
    "开化县": "330824",
    "柯城区": "330802",
    "江山市": "330881",
    "龙游县": "330825",
    "金华市": "330700",
    "武义县": "330723",
    "浦江县": "330726",
    "永康市": "330784",
    "义乌市": "330782",
    "兰溪市": "330781",
    "婺城区": "330702",
    "金东区": "330703",
    "东阳市": "330783",
    "磐安县": "330727",
    "湖州市": "330500",
    "南浔区": "330503",
    "吴兴区": "330502",
    "安吉县": "330523",
    "德清县": "330521",
    "长兴县": "330522",
    "杭州市": "330100",
    "上城区": "330102",
    "淳安县": "330127",
    "拱墅区": "330105",
    "滨江区": "330108",
    "钱塘区": "330114",
    "建德市": "330182",
    "临安区": "330112",
    "临平区": "330113",
    "余杭区": "330110",
    "西湖区": "360103",
    "萧山区": "330109",
    "富阳区": "330111",
    "桐庐县": "330122",
    "绍兴市": "330600",
    "上虞区": "330604",
    "诸暨市": "330681",
    "新昌县": "330624",
    "嵊州市": "330683",
    "越城区": "330602",
    "柯桥区": "330603",
    "河北省": "130000",
    "唐山市": "130200",
    "乐亭县": "130225",
    "曹妃甸区": "130209",
    "滦南县": "130224",
    "古冶区": "130204",
    "迁西县": "130227",
    "滦州市": "130284",
    "丰南区": "130207",
    "迁安市": "130283",
    "路南区": "130202",
    "路北区": "130203",
    "开平区": "130205",
    "玉田县": "130229",
    "遵化市": "130281",
    "丰润区": "130208",
    "秦皇岛市": "130300",
    "山海关区": "130303",
    "抚宁区": "130306",
    "海港区": "130302",
    "北戴河区": "130304",
    "青龙满族自治县": "130321",
    "昌黎县": "130322",
    "卢龙县": "130324",
    "承德市": "130800",
    "围场满族蒙古族自治县": "130828",
    "丰宁满族自治县": "130826",
    "隆化县": "130825",
    "宽城满族自治县": "130827",
    "鹰手营子矿区": "130804",
    "滦平县": "130824",
    "双滦区": "130803",
    "双桥区": "130802",
    "承德县": "130821",
    "平泉市": "130881",
    "兴隆县": "130822",
    "廊坊市": "131000",
    "大厂回族自治县": "131028",
    "文安县": "131026",
    "三河市": "131082",
    "安次区": "131002",
    "广阳区": "131003",
    "香河县": "131024",
    "大城县": "131025",
    "固安县": "131022",
    "永清县": "131023",
    "霸州市": "131081",
    "沧州市": "130900",
    "海兴县": "130924",
    "东光县": "130923",
    "吴桥县": "130928",
    "运河区": "130903",
    "南皮县": "130927",
    "青县": "130922",
    "肃宁县": "130926",
    "河间市": "130984",
    "献县": "130929",
    "泊头市": "130981",
    "盐山县": "130925",
    "孟村回族自治县": "130930",
    "任丘市": "130982",
    "沧县": "130921",
    "黄骅市": "130983",
    "衡水市": "131100",
    "桃城区": "131102",
    "深州市": "131182",
    "故城县": "131126",
    "武邑县": "131122",
    "武强县": "131123",
    "安平县": "131125",
    "饶阳县": "131124",
    "冀州区": "131103",
    "枣强县": "131121",
    "景县": "131127",
    "阜城县": "131128",
    "邢台市": "130500",
    "柏乡县": "130524",
    "南宫市": "130581",
    "新河县": "130530",
    "清河县": "130534",
    "南和区": "130506",
    "威县": "130533",
    "临西县": "130535",
    "沙河市": "130582",
    "临城县": "130522",
    "巨鹿县": "130529",
    "信都区": "130503",
    "襄都区": "130502",
    "任泽区": "130505",
    "隆尧县": "130525",
    "内丘县": "130523",
    "宁晋县": "130528",
    "平乡县": "130532",
    "广宗县": "130531",
    "邯郸市": "130400",
    "肥乡区": "130407",
    "鸡泽县": "130431",
    "永年区": "130408",
    "临漳县": "130423",
    "邯山区": "130402",
    "大名县": "130425",
    "复兴区": "130404",
    "丛台区": "130403",
    "武安市": "130481",
    "广平县": "130432",
    "成安县": "130424",
    "馆陶县": "130433",
    "峰峰矿区": "130406",
    "磁县": "130427",
    "涉县": "130426",
    "邱县": "130430",
    "曲周县": "130435",
    "魏县": "130434",
    "石家庄市": "130100",
    "高邑县": "130127",
    "辛集市": "130181",
    "井陉县": "130121",
    "井陉矿区": "130107",
    "深泽县": "130128",
    "赵县": "130133",
    "行唐县": "130125",
    "正定县": "130123",
    "裕华区": "130108",
    "无极县": "130130",
    "新乐市": "130184",
    "桥西区": "130703",
    "长安区": "610116",
    "赞皇县": "130129",
    "鹿泉区": "130110",
    "元氏县": "130132",
    "栾城区": "130111",
    "平山县": "130131",
    "灵寿县": "130126",
    "藁城区": "130109",
    "晋州市": "130183",
    "保定市": "130600",
    "顺平县": "130636",
    "望都县": "130631",
    "唐县": "130627",
    "曲阳县": "130634",
    "高阳县": "130628",
    "清苑区": "130608",
    "定州市": "130682",
    "易县": "130633",
    "满城区": "130607",
    "蠡县": "130635",
    "安新县": "130632",
    "雄县": "130638",
    "竞秀区": "130602",
    "莲池区": "130606",
    "徐水区": "130609",
    "安国市": "130683",
    "博野县": "130637",
    "高碑店市": "130684",
    "涿州市": "130681",
    "定兴县": "130626",
    "容城县": "130629",
    "阜平县": "130624",
    "涞源县": "130630",
    "涞水县": "130623",
    "张家口市": "130700",
    "康保县": "130723",
    "崇礼区": "130709",
    "赤城县": "130732",
    "下花园区": "130706",
    "桥东区": "130702",
    "宣化区": "130705",
    "怀安县": "130728",
    "尚义县": "130725",
    "怀来县": "130730",
    "阳原县": "130727",
    "沽源县": "130724",
    "张北县": "130722",
    "万全区": "130708",
    "蔚县": "130726",
    "涿鹿县": "130731",
    "香港特别行政区": "810000",
    "深水埗区": "810006",
    "西贡区": "810015",
    "屯门区": "810011",
    "大埔区": "810014",
    "黄大仙区": "810008",
    "沙田区": "810016",
    "北区": "810013",
    "九龙城区": "810007",
    "观塘区": "810009",
    "离岛区": "810018",
    "油尖旺区": "810005",
    "中西区": "810001",
    "湾仔区": "810002",
    "东区": "510402",
    "南区": "810004",
    "元朗区": "810012",
    "荃湾区": "810010",
    "葵青区": "810017",
    "台湾省": "710000",
    "澳门特别行政区": "820000",
    "望德堂区": "820003",
    "嘉模堂区": "820006",
    "花王堂区": "820002",
    "圣方济各堂区": "820008",
    "花地玛堂区": "820001",
    "风顺堂区": "820005",
    "大堂区": "820004",
    "路氹填海区": "820007",
    "甘肃省": "620000",
    "嘉峪关市": "620200",
    "酒泉市": "620900",
    "肃北蒙古族自治县": "620923",
    "敦煌市": "620982",
    "玉门市": "620981",
    "金塔县": "620921",
    "肃州区": "620902",
    "阿克塞哈萨克族自治县": "620924",
    "瓜州县": "620922",
    "兰州市": "620100",
    "红古区": "620111",
    "安宁区": "620105",
    "永登县": "620121",
    "皋兰县": "620122",
    "西固区": "620104",
    "榆中县": "620123",
    "七里河区": "620103",
    "城关区": "540102",
    "平凉市": "620800",
    "崆峒区": "620802",
    "庄浪县": "620825",
    "静宁县": "620826",
    "灵台县": "620822",
    "华亭市": "620881",
    "崇信县": "620823",
    "泾川县": "620821",
    "金昌市": "620300",
    "永昌县": "620321",
    "金川区": "620302",
    "天水市": "620500",
    "清水县": "620521",
    "麦积区": "620503",
    "秦州区": "620502",
    "武山县": "620524",
    "张家川回族自治县": "620525",
    "甘谷县": "620523",
    "秦安县": "620522",
    "白银市": "620400",
    "靖远县": "620421",
    "景泰县": "620423",
    "白银区": "620402",
    "平川区": "620403",
    "会宁县": "620422",
    "武威市": "620600",
    "凉州区": "620602",
    "天祝藏族自治县": "620623",
    "古浪县": "620622",
    "民勤县": "620621",
    "张掖市": "620700",
    "肃南裕固族自治县": "620721",
    "临泽县": "620723",
    "高台县": "620724",
    "甘州区": "620702",
    "山丹县": "620725",
    "民乐县": "620722",
    "定西市": "621100",
    "渭源县": "621123",
    "临洮县": "621124",
    "岷县": "621126",
    "漳县": "621125",
    "陇西县": "621122",
    "安定区": "621102",
    "通渭县": "621121",
    "甘南藏族自治州": "623000",
    "临潭县": "623021",
    "卓尼县": "623022",
    "玛曲县": "623025",
    "夏河县": "623027",
    "碌曲县": "623026",
    "合作市": "623001",
    "迭部县": "623024",
    "舟曲县": "623023",
    "陇南市": "621200",
    "成县": "621221",
    "徽县": "621227",
    "两当县": "621228",
    "康县": "621224",
    "文县": "621222",
    "武都区": "621202",
    "西和县": "621225",
    "礼县": "621226",
    "宕昌县": "621223",
    "庆阳市": "621000",
    "镇原县": "621027",
    "环县": "621022",
    "庆城县": "621021",
    "华池县": "621023",
    "合水县": "621024",
    "西峰区": "621002",
    "宁县": "621026",
    "正宁县": "621025",
    "临夏回族自治州": "622900",
    "积石山保安族东乡族撒拉族自治县": "622927",
    "临夏县": "622921",
    "东乡族自治县": "622926",
    "广河县": "622924",
    "临夏市": "622901",
    "永靖县": "622923",
    "和政县": "622925",
    "康乐县": "622922",
    "四川省": "510000",
    "广元市": "510800",
    "朝天区": "510812",
    "苍溪县": "510824",
    "昭化区": "510811",
    "剑阁县": "510823",
    "青川县": "510822",
    "旺苍县": "510821",
    "利州区": "510802",
    "南充市": "511300",
    "南部县": "511321",
    "营山县": "511322",
    "嘉陵区": "511304",
    "西充县": "511325",
    "顺庆区": "511302",
    "阆中市": "511381",
    "高坪区": "511303",
    "蓬安县": "511323",
    "仪陇县": "511324",
    "巴中市": "511900",
    "巴州区": "511902",
    "南江县": "511922",
    "平昌县": "511923",
    "通江县": "511921",
    "恩阳区": "511903",
    "德阳市": "510600",
    "中江县": "510623",
    "什邡市": "510682",
    "罗江区": "510604",
    "绵竹市": "510683",
    "旌阳区": "510603",
    "广汉市": "510681",
    "绵阳市": "510700",
    "江油市": "510781",
    "梓潼县": "510725",
    "游仙区": "510704",
    "三台县": "510722",
    "涪城区": "510703",
    "平武县": "510727",
    "北川羌族自治县": "510726",
    "盐亭县": "510723",
    "安州区": "510705",
    "成都市": "510100",
    "彭州市": "510182",
    "简阳市": "510185",
    "蒲江县": "510131",
    "双流区": "510116",
    "青羊区": "510105",
    "金牛区": "510106",
    "武侯区": "510107",
    "大邑县": "510129",
    "温江区": "510115",
    "新都区": "510114",
    "郫都区": "510117",
    "都江堰市": "510181",
    "崇州市": "510184",
    "锦江区": "510104",
    "成华区": "510108",
    "龙泉驿区": "510112",
    "青白江区": "510113",
    "金堂县": "510121",
    "邛崃市": "510183",
    "新津区": "510118",
    "广安市": "511600",
    "邻水县": "511623",
    "广安区": "511602",
    "岳池县": "511621",
    "武胜县": "511622",
    "华蓥市": "511681",
    "前锋区": "511603",
    "达州市": "511700",
    "大竹县": "511724",
    "渠县": "511725",
    "通川区": "511702",
    "达川区": "511703",
    "万源市": "511781",
    "开江县": "511723",
    "宣汉县": "511722",
    "遂宁市": "510900",
    "大英县": "510923",
    "射洪市": "510981",
    "蓬溪县": "510921",
    "安居区": "510904",
    "船山区": "510903",
    "资阳市": "512000",
    "乐至县": "512022",
    "安岳县": "512021",
    "雁江区": "512002",
    "眉山市": "511400",
    "仁寿县": "511421",
    "丹棱县": "511424",
    "洪雅县": "511423",
    "彭山区": "511403",
    "青神县": "511425",
    "东坡区": "511402",
    "内江市": "511000",
    "威远县": "511024",
    "资中县": "511025",
    "东兴区": "511011",
    "隆昌市": "511083",
    "乐山市": "511100",
    "夹江县": "511126",
    "沙湾区": "511111",
    "金口河区": "511113",
    "五通桥区": "511112",
    "井研县": "511124",
    "犍为县": "511123",
    "峨边彝族自治县": "511132",
    "沐川县": "511129",
    "马边彝族自治县": "511133",
    "峨眉山市": "511181",
    "自贡市": "510300",
    "荣县": "510321",
    "富顺县": "510322",
    "大安区": "510304",
    "沿滩区": "510311",
    "自流井区": "510302",
    "贡井区": "510303",
    "泸州市": "510500",
    "泸县": "510521",
    "龙马潭区": "510504",
    "纳溪区": "510503",
    "叙永县": "510524",
    "古蔺县": "510525",
    "江阳区": "510502",
    "合江县": "510522",
    "宜宾市": "511500",
    "长宁县": "511524",
    "珙县": "511526",
    "南溪区": "511503",
    "兴文县": "511528",
    "江安县": "511523",
    "筠连县": "511527",
    "翠屏区": "511502",
    "叙州区": "511504",
    "屏山县": "511529",
    "高县": "511525",
    "凉山彝族自治州": "513400",
    "越西县": "513434",
    "美姑县": "513436",
    "甘洛县": "513435",
    "木里藏族自治县": "513422",
    "雷波县": "513437",
    "冕宁县": "513433",
    "盐源县": "513423",
    "金阳县": "513430",
    "会理市": "513402",
    "普格县": "513428",
    "布拖县": "513429",
    "德昌县": "513424",
    "西昌市": "513401",
    "昭觉县": "513431",
    "会东县": "513426",
    "喜德县": "513432",
    "宁南县": "513427",
    "攀枝花市": "510400",
    "米易县": "510421",
    "盐边县": "510422",
    "仁和区": "510411",
    "西区": "510403",
    "甘孜藏族自治州": "513300",
    "石渠县": "513332",
    "甘孜县": "513328",
    "德格县": "513330",
    "炉霍县": "513327",
    "新龙县": "513329",
    "白玉县": "513331",
    "道孚县": "513326",
    "康定市": "513301",
    "理塘县": "513334",
    "巴塘县": "513335",
    "雅江县": "513325",
    "稻城县": "513337",
    "乡城县": "513336",
    "九龙县": "513324",
    "得荣县": "513338",
    "丹巴县": "513323",
    "泸定县": "513322",
    "色达县": "513333",
    "雅安市": "511800",
    "宝兴县": "511827",
    "雨城区": "511802",
    "荥经县": "511822",
    "石棉县": "511824",
    "汉源县": "511823",
    "芦山县": "511826",
    "天全县": "511825",
    "名山区": "511803",
    "阿坝藏族羌族自治州": "513200",
    "九寨沟县": "513225",
    "红原县": "513233",
    "阿坝县": "513231",
    "黑水县": "513228",
    "马尔康市": "513201",
    "理县": "513222",
    "金川县": "513226",
    "松潘县": "513224",
    "小金县": "513227",
    "汶川县": "513221",
    "茂县": "513223",
    "若尔盖县": "513232",
    "壤塘县": "513230",
    "天津市": "120000",
    "天津城区": "120100",
    "宝坻区": "120115",
    "河北区": "120105",
    "静海区": "120118",
    "蓟州区": "120119",
    "宁河区": "120117",
    "武清区": "120114",
    "南开区": "120104",
    "滨海新区": "120116",
    "东丽区": "120110",
    "津南区": "120112",
    "河西区": "120103",
    "北辰区": "120113",
    "红桥区": "120106",
    "西青区": "120111",
    "北京市": "110000",
    "北京城区": "110100",
    "怀柔区": "110116",
    "门头沟区": "110109",
    "密云区": "110118",
    "顺义区": "110113",
    "延庆区": "110119",
    "东城区": "110101",
    "昌平区": "110114",
    "大兴区": "110115",
    "房山区": "110111",
    "平谷区": "110117",
    "朝阳区": "220104",
    "石景山区": "110107",
    "丰台区": "110106",
    "海淀区": "110108",
    "西城区": "110102",
    "西藏自治区": "540000",
    "昌都市": "540300",
    "江达县": "540321",
    "丁青县": "540324",
    "卡若区": "540302",
    "类乌齐县": "540323",
    "边坝县": "540330",
    "贡觉县": "540322",
    "洛隆县": "540329",
    "察雅县": "540325",
    "八宿县": "540326",
    "左贡县": "540327",
    "芒康县": "540328",
    "那曲市": "540600",
    "安多县": "540624",
    "聂荣县": "540623",
    "巴青县": "540628",
    "申扎县": "540625",
    "班戈县": "540627",
    "比如县": "540622",
    "索县": "540626",
    "色尼区": "540602",
    "嘉黎县": "540621",
    "尼玛县": "540629",
    "双湖县": "540630",
    "拉萨市": "540100",
    "当雄县": "540122",
    "林周县": "540121",
    "尼木县": "540123",
    "墨竹工卡县": "540127",
    "达孜区": "540104",
    "堆龙德庆区": "540103",
    "曲水县": "540124",
    "日喀则市": "540200",
    "仲巴县": "540232",
    "昂仁县": "540226",
    "谢通门县": "540227",
    "南木林县": "540221",
    "萨嘎县": "540236",
    "桑珠孜区": "540202",
    "拉孜县": "540225",
    "仁布县": "540229",
    "江孜县": "540222",
    "白朗县": "540228",
    "萨迦县": "540224",
    "定日县": "540223",
    "聂拉木县": "540235",
    "岗巴县": "540237",
    "康马县": "540230",
    "亚东县": "540233",
    "定结县": "540231",
    "吉隆县": "540234",
    "山南市": "540500",
    "桑日县": "540523",
    "扎囊县": "540521",
    "加查县": "540528",
    "乃东区": "540502",
    "贡嘎县": "540522",
    "琼结县": "540524",
    "浪卡子县": "540531",
    "曲松县": "540525",
    "措美县": "540526",
    "洛扎县": "540527",
    "隆子县": "540529",
    "错那市": "540581",
    "林芝市": "540400",
    "波密县": "540424",
    "工布江达县": "540421",
    "米林市": "540481",
    "巴宜区": "540402",
    "墨脱县": "540423",
    "察隅县": "540425",
    "朗县": "540426",
    "阿里地区": "542500",
    "改则县": "542526",
    "札达县": "542522",
    "措勤县": "542527",
    "普兰县": "542521",
    "日土县": "542524",
    "噶尔县": "542523",
    "革吉县": "542525",
    "吉林省": "220000",
    "吉林市": "220200",
    "舒兰市": "220283",
    "桦甸市": "220282",
    "蛟河市": "220281",
    "永吉县": "220221",
    "磐石市": "220284",
    "龙潭区": "220203",
    "丰满区": "220211",
    "船营区": "220204",
    "昌邑区": "220202",
    "长春市": "220100",
    "德惠市": "220183",
    "榆树市": "220182",
    "双阳区": "220112",
    "农安县": "220122",
    "公主岭市": "220184",
    "二道区": "220105",
    "南关区": "220102",
    "宽城区": "220103",
    "九台区": "220113",
    "绿园区": "220106",
    "白城市": "220800",
    "洮南市": "220881",
    "大安市": "220882",
    "通榆县": "220822",
    "洮北区": "220802",
    "镇赉县": "220821",
    "松原市": "220700",
    "乾安县": "220723",
    "长岭县": "220722",
    "前郭尔罗斯蒙古族自治县": "220721",
    "扶余市": "220781",
    "宁江区": "220702",
    "延边朝鲜族自治州": "222400",
    "珲春市": "222404",
    "图们市": "222402",
    "和龙市": "222406",
    "汪清县": "222424",
    "延吉市": "222401",
    "安图县": "222426",
    "敦化市": "222403",
    "龙井市": "222405",
    "四平市": "220300",
    "双辽市": "220382",
    "梨树县": "220322",
    "伊通满族自治县": "220323",
    "白山市": "220600",
    "靖宇县": "220622",
    "江源区": "220605",
    "抚松县": "220621",
    "长白朝鲜族自治县": "220623",
    "临江市": "220681",
    "浑江区": "220602",
    "辽源市": "220400",
    "东辽县": "220422",
    "龙山区": "220402",
    "东丰县": "220421",
    "通化市": "220500",
    "二道江区": "220503",
    "通化县": "220521",
    "柳河县": "220524",
    "辉南县": "220523",
    "梅河口市": "220581",
    "集安市": "220582",
    "东昌区": "220502",
    "山西省": "140000",
    "阳泉市": "140300",
    "平定县": "140321",
    "盂县": "140322",
    "矿区": "140303",
    "大同市": "140200",
    "广灵县": "140223",
    "浑源县": "140225",
    "云州区": "140215",
    "左云县": "140226",
    "平城区": "140213",
    "新荣区": "140212",
    "天镇县": "140222",
    "阳高县": "140221",
    "云冈区": "140214",
    "灵丘县": "140224",
    "吕梁市": "141100",
    "岚县": "141127",
    "方山县": "141128",
    "中阳县": "141129",
    "交口县": "141130",
    "石楼县": "141126",
    "柳林县": "141125",
    "孝义市": "141181",
    "交城县": "141122",
    "汾阳市": "141182",
    "文水县": "141121",
    "临县": "141124",
    "离石区": "141102",
    "兴县": "141123",
    "运城市": "140800",
    "闻喜县": "140823",
    "盐湖区": "140802",
    "万荣县": "140822",
    "夏县": "140828",
    "临猗县": "140821",
    "垣曲县": "140827",
    "稷山县": "140824",
    "永济市": "140881",
    "绛县": "140826",
    "新绛县": "140825",
    "河津市": "140882",
    "平陆县": "140829",
    "芮城县": "140830",
    "晋城市": "140500",
    "泽州县": "140525",
    "高平市": "140581",
    "陵川县": "140524",
    "阳城县": "140522",
    "沁水县": "140521",
    "长治市": "140400",
    "长子县": "140428",
    "潞州区": "140403",
    "壶关县": "140427",
    "上党区": "140404",
    "武乡县": "140429",
    "沁县": "140430",
    "襄垣县": "140423",
    "屯留区": "140405",
    "潞城区": "140406",
    "黎城县": "140426",
    "沁源县": "140431",
    "平顺县": "140425",
    "临汾市": "141000",
    "古县": "141025",
    "隰县": "141031",
    "永和县": "141032",
    "蒲县": "141033",
    "浮山县": "141027",
    "翼城县": "141022",
    "襄汾县": "141023",
    "安泽县": "141026",
    "侯马市": "141081",
    "曲沃县": "141021",
    "汾西县": "141034",
    "霍州市": "141082",
    "大宁县": "141030",
    "吉县": "141028",
    "乡宁县": "141029",
    "洪洞县": "141024",
    "尧都区": "141002",
    "晋中市": "140700",
    "寿阳县": "140725",
    "榆社县": "140721",
    "左权县": "140722",
    "和顺县": "140723",
    "太谷区": "140703",
    "祁县": "140727",
    "榆次区": "140702",
    "平遥县": "140728",
    "昔阳县": "140724",
    "灵石县": "140729",
    "介休市": "140781",
    "朔州市": "140600",
    "右玉县": "140623",
    "朔城区": "140602",
    "平鲁区": "140603",
    "应县": "140622",
    "山阴县": "140621",
    "怀仁市": "140681",
    "忻州市": "140900",
    "静乐县": "140926",
    "岢岚县": "140929",
    "宁武县": "140925",
    "五寨县": "140928",
    "神池县": "140927",
    "河曲县": "140930",
    "代县": "140923",
    "原平市": "140981",
    "定襄县": "140921",
    "繁峙县": "140924",
    "保德县": "140931",
    "五台县": "140922",
    "偏关县": "140932",
    "忻府区": "140902",
    "太原市": "140100",
    "娄烦县": "140123",
    "古交市": "140181",
    "晋源区": "140110",
    "清徐县": "140121",
    "万柏林区": "140109",
    "杏花岭区": "140107",
    "尖草坪区": "140108",
    "小店区": "140105",
    "迎泽区": "140106",
    "阳曲县": "140122",
    "江西省": "360000",
    "赣州市": "360700",
    "宁都县": "360730",
    "石城县": "360735",
    "瑞金市": "360781",
    "全南县": "360729",
    "龙南市": "360783",
    "于都县": "360731",
    "崇义县": "360725",
    "会昌县": "360733",
    "信丰县": "360722",
    "上犹县": "360724",
    "大余县": "360723",
    "南康区": "360703",
    "兴国县": "360732",
    "赣县区": "360704",
    "章贡区": "360702",
    "定南县": "360728",
    "寻乌县": "360734",
    "安远县": "360726",
    "新余市": "360500",
    "分宜县": "360521",
    "渝水区": "360502",
    "吉安市": "360800",
    "永新县": "360830",
    "井冈山市": "360881",
    "泰和县": "360826",
    "遂川县": "360827",
    "万安县": "360828",
    "安福县": "360829",
    "吉州区": "360802",
    "青原区": "360803",
    "吉安县": "360821",
    "吉水县": "360822",
    "峡江县": "360823",
    "永丰县": "360825",
    "新干县": "360824",
    "抚州市": "361000",
    "乐安县": "361025",
    "宜黄县": "361026",
    "崇仁县": "361024",
    "广昌县": "361030",
    "黎川县": "361022",
    "南丰县": "361023",
    "南城县": "361021",
    "临川区": "361002",
    "资溪县": "361028",
    "金溪县": "361027",
    "东乡区": "361003",
    "鹰潭市": "360600",
    "月湖区": "360602",
    "余江区": "360603",
    "贵溪市": "360681",
    "宜春市": "360900",
    "袁州区": "360902",
    "万载县": "360922",
    "宜丰县": "360924",
    "上高县": "360923",
    "樟树市": "360982",
    "丰城市": "360981",
    "铜鼓县": "360926",
    "奉新县": "360921",
    "靖安县": "360925",
    "高安市": "360983",
    "萍乡市": "360300",
    "安源区": "360302",
    "上栗县": "360322",
    "湘东区": "360313",
    "莲花县": "360321",
    "芦溪县": "360323",
    "上饶市": "361100",
    "余干县": "361127",
    "横峰县": "361125",
    "铅山县": "361124",
    "信州区": "361102",
    "广丰区": "361103",
    "玉山县": "361123",
    "广信区": "361104",
    "万年县": "361129",
    "弋阳县": "361126",
    "德兴市": "361181",
    "鄱阳县": "361128",
    "婺源县": "361130",
    "景德镇市": "360200",
    "乐平市": "360281",
    "珠山区": "360203",
    "昌江区": "360202",
    "浮梁县": "360222",
    "九江市": "360400",
    "濂溪区": "360402",
    "修水县": "360424",
    "武宁县": "360423",
    "德安县": "360426",
    "共青城市": "360482",
    "庐山市": "360483",
    "柴桑区": "360404",
    "彭泽县": "360430",
    "湖口县": "360429",
    "浔阳区": "360403",
    "瑞昌市": "360481",
    "都昌县": "360428",
    "永修县": "360425",
    "南昌市": "360100",
    "青云谱区": "360104",
    "进贤县": "360124",
    "红谷滩区": "360113",
    "新建区": "360112",
    "东湖区": "360102",
    "青山湖区": "360111",
    "南昌县": "360121",
    "安义县": "360123",
    "陕西省": "610000",
    "商洛市": "611000",
    "商南县": "611023",
    "柞水县": "611026",
    "洛南县": "611021",
    "丹凤县": "611022",
    "商州区": "611002",
    "镇安县": "611025",
    "山阳县": "611024",
    "汉中市": "610700",
    "略阳县": "610727",
    "宁强县": "610726",
    "留坝县": "610729",
    "勉县": "610725",
    "城固县": "610722",
    "南郑区": "610703",
    "汉台区": "610702",
    "西乡县": "610724",
    "镇巴县": "610728",
    "佛坪县": "610730",
    "洋县": "610723",
    "西安市": "610100",
    "阎良区": "610114",
    "高陵区": "610117",
    "临潼区": "610115",
    "鄠邑区": "610118",
    "周至县": "610124",
    "灞桥区": "610111",
    "碑林区": "610103",
    "雁塔区": "610113",
    "莲湖区": "610104",
    "蓝田县": "610122",
    "未央区": "610112",
    "榆林市": "610800",
    "米脂县": "610827",
    "榆阳区": "610802",
    "神木市": "610881",
    "佳县": "610828",
    "吴堡县": "610829",
    "定边县": "610825",
    "靖边县": "610824",
    "子洲县": "610831",
    "横山区": "610803",
    "府谷县": "610822",
    "清涧县": "610830",
    "绥德县": "610826",
    "咸阳市": "610400",
    "三原县": "610422",
    "渭城区": "610404",
    "淳化县": "610430",
    "永寿县": "610426",
    "武功县": "610431",
    "乾县": "610424",
    "礼泉县": "610425",
    "旬邑县": "610429",
    "兴平市": "610481",
    "彬州市": "610482",
    "泾阳县": "610423",
    "长武县": "610428",
    "杨陵区": "610403",
    "秦都区": "610402",
    "宝鸡市": "610300",
    "陇县": "610327",
    "千阳县": "610328",
    "麟游县": "610329",
    "凤翔区": "610305",
    "金台区": "610303",
    "渭滨区": "610302",
    "扶风县": "610324",
    "岐山县": "610323",
    "陈仓区": "610304",
    "眉县": "610326",
    "凤县": "610330",
    "太白县": "610331",
    "安康市": "610900",
    "汉滨区": "610902",
    "紫阳县": "610924",
    "白河县": "610929",
    "旬阳市": "610981",
    "平利县": "610926",
    "镇坪县": "610927",
    "汉阴县": "610921",
    "宁陕县": "610923",
    "石泉县": "610922",
    "岚皋县": "610925",
    "延安市": "610600",
    "延长县": "610621",
    "吴起县": "610626",
    "宝塔区": "610602",
    "甘泉县": "610627",
    "安塞区": "610603",
    "子长市": "610681",
    "延川县": "610622",
    "志丹县": "610625",
    "宜川县": "610630",
    "黄龙县": "610631",
    "洛川县": "610629",
    "富县": "610628",
    "黄陵县": "610632",
    "铜川市": "610200",
    "印台区": "610203",
    "王益区": "610202",
    "宜君县": "610222",
    "耀州区": "610204",
    "渭南市": "610500",
    "澄城县": "610525",
    "白水县": "610527",
    "华州区": "610503",
    "华阴市": "610582",
    "潼关县": "610522",
    "临渭区": "610502",
    "蒲城县": "610526",
    "富平县": "610528",
    "韩城市": "610581",
    "合阳县": "610524",
    "大荔县": "610523",
    "云南省": "530000",
    "昭通市": "530600",
    "绥江县": "530626",
    "水富市": "530681",
    "永善县": "530625",
    "威信县": "530629",
    "巧家县": "530622",
    "彝良县": "530628",
    "鲁甸县": "530621",
    "盐津县": "530623",
    "镇雄县": "530627",
    "昭阳区": "530602",
    "大关县": "530624",
    "曲靖市": "530300",
    "会泽县": "530326",
    "马龙区": "530304",
    "师宗县": "530323",
    "陆良县": "530322",
    "麒麟区": "530302",
    "宣威市": "530381",
    "沾益区": "530303",
    "富源县": "530325",
    "罗平县": "530324",
    "红河哈尼族彝族自治州": "532500",
    "弥勒市": "532504",
    "建水县": "532524",
    "开远市": "532502",
    "屏边苗族自治县": "532523",
    "红河县": "532529",
    "个旧市": "532501",
    "绿春县": "532531",
    "石屏县": "532525",
    "蒙自市": "532503",
    "泸西县": "532527",
    "元阳县": "532528",
    "金平苗族瑶族傣族自治县": "532530",
    "河口瑶族自治县": "532532",
    "怒江傈僳族自治州": "533300",
    "贡山独龙族怒族自治县": "533324",
    "福贡县": "533323",
    "兰坪白族普米族自治县": "533325",
    "泸水市": "533301",
    "玉溪市": "530400",
    "易门县": "530425",
    "华宁县": "530424",
    "红塔区": "530402",
    "江川区": "530403",
    "澄江市": "530481",
    "元江哈尼族彝族傣族自治县": "530428",
    "新平彝族傣族自治县": "530427",
    "峨山彝族自治县": "530426",
    "通海县": "530423",
    "大理白族自治州": "532900",
    "洱源县": "532930",
    "剑川县": "532931",
    "云龙县": "532929",
    "大理市": "532901",
    "永平县": "532928",
    "漾濞彝族自治县": "532922",
    "巍山彝族回族自治县": "532927",
    "祥云县": "532923",
    "弥渡县": "532925",
    "南涧彝族自治县": "532926",
    "鹤庆县": "532932",
    "宾川县": "532924",
    "迪庆藏族自治州": "533400",
    "香格里拉市": "533401",
    "维西傈僳族自治县": "533423",
    "德钦县": "533422",
    "临沧市": "530900",
    "凤庆县": "530921",
    "云县": "530922",
    "临翔区": "530902",
    "双江拉祜族佤族布朗族傣族自治县": "530925",
    "沧源佤族自治县": "530927",
    "镇康县": "530924",
    "永德县": "530923",
    "耿马傣族佤族自治县": "530926",
    "保山市": "530500",
    "隆阳区": "530502",
    "腾冲市": "530581",
    "施甸县": "530521",
    "龙陵县": "530523",
    "昌宁县": "530524",
    "丽江市": "530700",
    "宁蒗彝族自治县": "530724",
    "永胜县": "530722",
    "古城区": "530702",
    "玉龙纳西族自治县": "530721",
    "华坪县": "530723",
    "西双版纳傣族自治州": "532800",
    "勐海县": "532822",
    "勐腊县": "532823",
    "景洪市": "532801",
    "文山壮族苗族自治州": "532600",
    "广南县": "532627",
    "丘北县": "532626",
    "砚山县": "532622",
    "麻栗坡县": "532624",
    "文山市": "532601",
    "西畴县": "532623",
    "马关县": "532625",
    "富宁县": "532628",
    "楚雄彝族自治州": "532300",
    "大姚县": "532326",
    "元谋县": "532328",
    "姚安县": "532325",
    "牟定县": "532323",
    "禄丰市": "532302",
    "楚雄市": "532301",
    "南华县": "532324",
    "永仁县": "532327",
    "双柏县": "532322",
    "武定县": "532329",
    "昆明市": "530100",
    "东川区": "530113",
    "五华区": "530102",
    "晋宁区": "530115",
    "安宁市": "530181",
    "西山区": "530112",
    "富民县": "530124",
    "盘龙区": "530103",
    "石林彝族自治县": "530126",
    "禄劝彝族苗族自治县": "530128",
    "官渡区": "530111",
    "呈贡区": "530114",
    "宜良县": "530125",
    "寻甸回族彝族自治县": "530129",
    "嵩明县": "530127",
    "普洱市": "530800",
    "镇沅彝族哈尼族拉祜族自治县": "530825",
    "墨江哈尼族自治县": "530822",
    "景谷傣族彝族自治县": "530824",
    "澜沧拉祜族自治县": "530828",
    "西盟佤族自治县": "530829",
    "江城哈尼族彝族自治县": "530826",
    "景东彝族自治县": "530823",
    "宁洱哈尼族彝族自治县": "530821",
    "思茅区": "530802",
    "孟连傣族拉祜族佤族自治县": "530827",
    "德宏傣族景颇族自治州": "533100",
    "梁河县": "533122",
    "芒市": "533103",
    "陇川县": "533124",
    "盈江县": "533123",
    "瑞丽市": "533102"
}